1,373105.64,6161331.71,-58.38521457,-34.68214742
2,373113.92,6161358.06,-58.38512025,-34.68191089
3,373163.36,6161506.52,-58.38455841,-34.68057862
4,373188.40,6161575.33,-58.38427481,-34.67996138
5,373214.66,6161642.99,-58.38397808,-34.67935466
6,373237.38,6161706.27,-58.38372065,-34.67878699
7,373259.16,6161766.91,-58.38347387,-34.678243
8,373281.47,6161830.10,-58.38322092,-34.67767609
9,373311.64,6161915.51,-58.38287888,-34.67690983
10,373348.87,6162043.53,-58.38245342,-34.6757603
11,373379.32,6162171.88,-58.3821019,-34.67460696
12,373418.11,6162345.66,-58.38165258,-34.67304508
13,373458.44,6162519.47,-58.38118648,-34.67148312
14,373466.99,6162560.93,-58.38108697,-34.6711104
15,372847.54,6160553.35,-58.38814847,-34.68913248
16,372890.29,6160521.09,-58.38768674,-34.68942863
17,372966.08,6160452.41,-58.38686986,-34.69005721
18,373005.79,6160417.04,-58.38644177,-34.69038101
19,373045.61,6160381.57,-58.38601248,-34.69070573
20,373104.21,6160327.87,-58.38538095,-34.69119712
21,373125.99,6160309.06,-58.38514606,-34.6913694
22,373056.11,6159970.14,-58.38595972,-34.69441618
23,373047.63,6159945.04,-58.38605605,-34.69464141
24,373786.55,6161442.32,-58.37776695,-34.68123447
25,373749.49,6161474.91,-58.37816653,-34.68093609
26,373708.70,6161522.66,-58.37860455,-34.68050058
27,373667.92,6161576.05,-58.37904161,-34.68001421
28,373627.81,6161621.24,-58.37947258,-34.67960186
29,373435.60,6161799.15,-58.38154356,-34.67797419
30,373424.33,6161809.81,-58.38166495,-34.67787669
31,372936.74,6160823.68,-58.38713425,-34.68670647
32,373067.77,6160722.31,-58.38571941,-34.68763662
33,373145.65,6160653.05,-58.38487982,-34.68827068
34,373226.00,6160584.43,-58.38401315,-34.68889927
35,372706.71,6161360.11,-58.38956399,-34.68184182
36,372628.49,6161271.64,-58.39043097,-34.68262966
37,372565.09,6161194.58,-58.39113451,-34.68331648
38,372496.84,6161117.83,-58.39189094,-34.6839999
39,372431.03,6161041.28,-58.39262073,-34.68468181
40,372364.27,6160965.06,-58.39336085,-34.68536062
41,372295.96,6160889.71,-58.39411776,-34.68603139
42,372228.98,6160814.66,-58.39486012,-34.68669962
43,372163.77,6160732.84,-58.39558421,-34.6874291
44,372153.59,6160721.83,-58.39569698,-34.68752708
45,372147.56,6160715.31,-58.39576378,-34.68758511
46,373181.02,6160533.84,-58.38451168,-34.68934978
47,373121.55,6160466.98,-58.3851708,-34.68994516
48,373095.24,6160437.39,-58.3854624,-34.69020866
49,372974.71,6160301.85,-58.38679831,-34.69141562
50,372908.66,6160227.57,-58.3875304,-34.69207707
51,372836.24,6160152.43,-58.38833216,-34.69274547
52,373329.59,6160457.96,-58.3829015,-34.69005227
53,373346.08,6160443.03,-58.38272376,-34.69018891
54,373415.87,6160362.37,-58.38197412,-34.69092472
55,373485.16,6160285.91,-58.3812293,-34.6916226
56,373558.05,6160204.48,-58.38044591,-34.69236573
57,373588.84,6160172.37,-58.38011465,-34.69265902
58,373633.21,6160132.45,-58.37963633,-34.69302439
59,373680.70,6160082.63,-58.37912544,-34.6934794
60,373720.76,6160042.26,-58.37869422,-34.6938483
61,373759.58,6160002.38,-58.37827646,-34.69421262
62,373834.85,6159929.49,-58.37746577,-34.69487903
63,373892.89,6159870.86,-58.37684101,-34.69541476
64,373967.01,6159798.27,-58.3760428,-34.69607832
65,374059.46,6159703.99,-58.37504774,-34.69693967
66,374122.67,6159639.86,-58.37436734,-34.69752561
67,374192.77,6159569.71,-58.37361261,-34.69816666
68,374258.83,6159506.46,-58.37290094,-34.698745
69,374321.53,6159441.29,-58.37222623,-34.69934024
70,374079.41,6160334.18,-58.37473602,-34.69126078
71,374134.23,6160395.65,-58.37412851,-34.69071336
72,374225.93,6160493.75,-58.37311303,-34.68984024
73,374317.10,6160588.55,-58.37210385,-34.6889968
74,374405.56,6160685.51,-58.37112395,-34.68813354
75,374449.71,6160732.76,-58.37063506,-34.68771299
76,374497.32,6160781.18,-58.37010824,-34.68728231
77,374602.66,6160886.80,-58.36894286,-34.68634303
78,374688.64,6160984.30,-58.36799,-34.68547458
79,374774.04,6161079.42,-58.36704385,-34.6846275
80,374862.66,6161174.66,-58.36606256,-34.68377972
81,374952.27,6161270.52,-58.36507039,-34.68292647
82,375042.67,6161365.90,-58.36406969,-34.68207763
83,373337.40,6162055.33,-58.38257682,-34.6756525
84,375116.71,6161294.59,-58.36327219,-34.68272956
85,375025.68,6161200.51,-58.36427957,-34.68356661
86,374935.34,6161104.92,-58.36527967,-34.68441734
87,374846.99,6161010.65,-58.36625787,-34.68525641
88,374779.09,6160933.30,-58.36701039,-34.68594544
89,374760.75,6160914.04,-58.36721341,-34.68611683
90,374708.77,6160855.40,-58.36778942,-34.68663912
91,374673.62,6160818.21,-58.36817857,-34.68697009
92,374644.54,6160783.06,-58.36850117,-34.68728342
93,374573.85,6160706.78,-58.36928402,-34.68796244
94,374482.57,6160609.38,-58.37029475,-34.68882933
95,374392.82,6160513.12,-58.37128863,-34.68968613
96,374303.28,6160416.62,-58.37228027,-34.6905451
97,374212.44,6160321.57,-58.37328591,-34.69139084
98,374152.23,6160257.02,-58.37395271,-34.69196537
99,372935.13,6160336.77,-58.38722506,-34.69109589
100,373412.77,6160682.71,-58.38195995,-34.68803639
101,373516.28,6160599.61,-58.38084266,-34.68879836
102,373579.55,6160548.83,-58.38015971,-34.68926398
103,373603.48,6160539.49,-58.37989992,-34.68935114
104,372739.78,6160226.06,-58.38937391,-34.69206968
105,372725.94,6160235.96,-58.38952348,-34.6919787
106,375285.56,6159672.92,-58.36166885,-34.69737008
107,375354.87,6159766.06,-58.36089855,-34.69653884
108,375439.25,6159876.32,-58.35996123,-34.6955551
109,375466.11,6159910.11,-58.35966307,-34.69525374
110,375299.67,6159819.73,-58.36149315,-34.69604826
111,375388.27,6159923.86,-58.36051068,-34.69512029
112,375455.00,6160003.55,-58.35977055,-34.69440999
113,374199.56,6158804.00,-58.3736526,-34.70507059
114,374287.59,6158907.49,-58.3726762,-34.70414843
115,374373.23,6159008.19,-58.37172633,-34.70325112
116,374470.00,6159121.96,-58.37065305,-34.70223734
117,374568.04,6159199.50,-58.3695713,-34.70155033
118,374653.45,6159259.28,-58.36863009,-34.70102187
119,374674.50,6159273.98,-58.36839812,-34.70089192
120,374730.47,6159333.31,-58.36777835,-34.70036391
121,374798.47,6159405.41,-58.36702537,-34.69972223
122,374859.29,6159473.53,-58.36635138,-34.69911556
123,374880.79,6159511.83,-58.36611101,-34.6987729
124,373078.82,6159920.36,-58.38571932,-34.69486778
125,373163.75,6159849.68,-58.38480291,-34.69551551
126,373219.34,6159798.93,-58.38420375,-34.69597993
127,373315.24,6159710.69,-58.38317021,-34.69678733
128,373386.08,6159648.26,-58.38240633,-34.69735892
129,373404.13,6159643.91,-58.38220996,-34.69740037
130,373493.24,6159733.66,-58.38122383,-34.69660228
131,373574.94,6159815.93,-58.38031973,-34.6958707
132,373613.65,6159854.91,-58.37989136,-34.69552408
133,373667.87,6159909.70,-58.37929134,-34.69503683
134,373803.67,6160046.94,-58.37778855,-34.69381634
135,373854.02,6160097.03,-58.3772315,-34.69337098
136,373960.11,6160202.54,-58.37605779,-34.69243286
137,374048.45,6160297.91,-58.37507935,-34.69158396
138,372878.85,6160643.33,-58.3877932,-34.68832518
139,372914.58,6160755.07,-58.38738643,-34.68732226
140,372976.65,6160942.86,-58.38668075,-34.68563699
141,373017.28,6161059.97,-58.38621972,-34.68458626
142,373360.47,6161800.28,-58.38236327,-34.6779547
143,373689.27,6161563.68,-58.37881046,-34.68012837
144,373739.51,6161668.60,-58.37824651,-34.67918869
145,373768.53,6161711.47,-58.37792341,-34.67880578
146,373856.19,6161805.94,-58.37695267,-34.67796492
147,373925.13,6161880.53,-58.3761892,-34.67730096
148,374077.23,6162037.42,-58.37450598,-34.67590528
149,374154.23,6162116.85,-58.37365388,-34.67519867
150,374178.68,6162142.07,-58.37338331,-34.67497431
151,374204.53,6162168.73,-58.37309726,-34.67473714
152,373528.25,6159528.65,-58.38087239,-34.69845484
153,373612.35,6159611.37,-58.37994201,-34.69771949
154,373668.12,6159666.22,-58.37932504,-34.6972319
155,373694.13,6159692.02,-58.37903727,-34.69700252
156,373765.79,6159763.12,-58.37824444,-34.69637038
157,373770.53,6159767.82,-58.378192,-34.6963286
158,373789.99,6159784.64,-58.37797707,-34.69617936
159,373830.37,6159819.52,-58.3775311,-34.69586989
160,373979.67,6159942.11,-58.37588315,-34.69478312
161,373992.97,6159952.37,-58.37573645,-34.69469226
162,374114.66,6160046.11,-58.37439421,-34.69386216
163,374203.44,6160144.60,-58.3734105,-34.69298517
164,374230.85,6160178.81,-58.37310623,-34.69268013
165,373825.91,6161423.27,-58.37734024,-34.68141107
166,373838.55,6161417.15,-58.37720321,-34.6814678
167,373853.12,6161402.42,-58.3770464,-34.6816024
168,373893.57,6161364.26,-58.37661065,-34.68195141
169,373972.33,6161289.30,-58.37576228,-34.6826369
170,374099.10,6161167.93,-58.37439685,-34.6837467
171,374181.99,6161087.24,-58.37350423,-34.68448434
172,372812.21,6160444.67,-58.38855044,-34.69010786
173,372894.58,6160372.53,-58.38766227,-34.69076847
174,373009.63,6160271.70,-58.3864217,-34.69169177
175,373034.00,6160250.65,-58.38615888,-34.69188456
176,373766.49,6162513.41,-58.37782591,-34.67157579
177,373842.33,6162493.02,-58.37700138,-34.67176897
178,373896.75,6162478.39,-58.37640972,-34.67190757
179,373919.66,6162470.87,-58.37616085,-34.67197819
180,373937.88,6162461.72,-58.37596339,-34.67206292
181,373958.50,6162449.47,-58.37574021,-34.6721759
182,373975.19,6162436.39,-58.37556003,-34.67229588
183,374224.64,6162197.86,-58.37287347,-34.67447699
184,374378.04,6162027.25,-58.37122484,-34.67603394
185,373048.57,6161160.48,-58.38586313,-34.68368402
186,372765.30,6160351.65,-58.38907645,-34.69094063
187,372638.23,6160461.18,-58.39044685,-34.68993737
188,372580.01,6160511.76,-58.39107466,-34.68947413
189,372492.45,6160586.24,-58.39201908,-34.68879176
190,372405.46,6160661.71,-58.39295712,-34.68810053
191,372317.80,6160739.00,-58.39390218,-34.6873928
192,374419.01,6159345.12,-58.37117647,-34.70021922
193,374507.50,6159258.67,-58.37022337,-34.70100946
194,374604.28,6159164.10,-58.36918096,-34.70187391
195,374688.92,6159082.44,-58.36826914,-34.70262048
196,374798.68,6158976.55,-58.36708668,-34.70358856
197,372788.08,6161279.85,-58.38868805,-34.68257551
198,372872.05,6161197.53,-58.38778403,-34.68332808
199,372954.21,6161115.71,-58.38689967,-34.68407592
200,373001.60,6161070.81,-58.38638922,-34.68448659
201,375195.58,6160402.93,-58.36254315,-34.69077781
202,375258.70,6160341.04,-58.36186336,-34.69134347
203,375334.28,6160269.36,-58.361049,-34.69199891
204,375409.30,6160198.95,-58.36024055,-34.69264282
205,375432.87,6160176.67,-58.35998657,-34.69284656
206,374697.20,6159491.97,-58.36811798,-34.69892946
207,374764.50,6159571.07,-58.36737161,-34.69822459
208,374793.82,6159605.03,-58.36704653,-34.69792203
209,373068.63,6161154.04,-58.38564516,-34.68374457
210,373168.71,6161265.74,-58.38453616,-34.68274998
211,373196.95,6161295.85,-58.38422344,-34.68248203
212,373726.22,6160623.60,-58.37854771,-34.68860803
213,373801.33,6160545.85,-58.37773955,-34.68931824
214,373898.89,6160445.69,-58.37668969,-34.69023324
215,373928.39,6160415.41,-58.37637223,-34.69050986
216,373969.95,6160374.73,-58.37592469,-34.69088173
217,374126.16,6160221.85,-58.3742425,-34.69227923
218,374157.95,6160190.74,-58.37390015,-34.69256361
219,374281.35,6160065.60,-58.37257188,-34.69370696
220,374360.84,6159984.96,-58.37171624,-34.69444372
221,374421.20,6159923.76,-58.3710665,-34.69500288
222,374463.34,6159881.02,-58.37061289,-34.69539337
223,374495.03,6159848.40,-58.37027183,-34.69569134
224,374541.02,6159801.08,-58.36977687,-34.69612358
225,374602.39,6159738.75,-58.36911625,-34.69669304
226,374674.39,6159663.82,-58.36834146,-34.69737738
227,374717.70,6159619.24,-58.36787532,-34.69778459
228,374811.31,6159522.91,-58.36686779,-34.69866451
229,375875.72,6160549.89,-58.35509802,-34.68953569
230,375790.51,6160460.06,-58.35604126,-34.6903352
231,375703.57,6160368.18,-58.3570037,-34.69115297
232,375623.34,6160282.53,-58.35789201,-34.69191538
233,375613.84,6160272.84,-58.35799712,-34.69200158
234,375551.28,6160207.85,-58.35868953,-34.69257988
235,375475.83,6160129.24,-58.35952466,-34.69327939
236,373835.10,6160583.14,-58.3773654,-34.68898622
237,373706.85,6160446.80,-58.37878556,-34.69019954
238,372800.60,6160456.50,-58.38867538,-34.68999977
239,373269.53,6161545.26,-58.38339394,-34.68024252
240,373338.68,6161519.09,-58.38264321,-34.68048702
241,374974.13,6161070.03,-58.36486148,-34.68473663
242,374816.88,6161219.35,-58.36655557,-34.68337123
243,374772.26,6161262.94,-58.36703608,-34.68297279
244,374725.63,6161306.52,-58.36753852,-34.68257419
245,374627.62,6161399.87,-58.36859431,-34.6817206
246,374550.40,6161474.88,-58.36942592,-34.68103489
247,374466.33,6161553.32,-58.37033175,-34.68031742
248,374392.67,6161621.47,-58.3711255,-34.67969398
249,374340.02,6161675.39,-58.37169206,-34.67920141
250,374261.69,6161751.51,-58.37253556,-34.67850554
251,374181.69,6161823.84,-58.37339783,-34.67784362
252,374362.29,6160913.04,-58.37156237,-34.68607697
253,374423.34,6160978.51,-58.37088634,-34.68549424
254,374464.66,6161022.84,-58.37042879,-34.68509966
255,374554.27,6161118.49,-58.36943659,-34.68424834
256,374635.91,6161208.86,-58.36853218,-34.68344363
257,374814.55,6161400.68,-58.36655413,-34.68173619
258,374905.68,6161496.25,-58.36554544,-34.68088574
259,373791.85,6161422.42,-58.37771208,-34.68141453
260,373789.98,6161405.07,-58.37773508,-34.68157072
261,373740.36,6161330.33,-58.37828777,-34.6822384
262,373665.84,6161222.31,-58.37911719,-34.68320303
263,373604.36,6161135.06,-58.37980122,-34.68398202
264,373570.88,6161083.32,-58.38017435,-34.68444433
265,373561.07,6161044.27,-58.38028726,-34.68479516
266,373568.01,6161035.15,-58.38021288,-34.68487824
267,373553.02,6160985.23,-58.38038395,-34.68532643
268,373526.64,6160908.00,-58.38068342,-34.68601942
269,373486.64,6160795.60,-58.38113681,-34.68702779
270,373454.15,6160702.88,-58.3815053,-34.68785967
271,374111.15,6160864.44,-58.37431056,-34.68648424
272,374168.14,6160807.89,-58.37369699,-34.68700107
273,373992.09,6161818.71,-58.37546769,-34.67786654
274,374036.10,6161776.73,-58.37499367,-34.67825042
275,374040.65,6161772.40,-58.37494466,-34.67829002
276,374058.26,6161755.50,-58.374755,-34.67844454
277,374088.37,6161726.61,-58.37443072,-34.6787087
278,374128.22,6161689.09,-58.37400142,-34.67905186
279,374168.57,6161651.62,-58.37356665,-34.67939463
280,374245.37,6161577.94,-58.37273949,-34.68006832
281,374300.92,6161525.25,-58.37214109,-34.68055017
282,374376.58,6161454.27,-58.37132594,-34.68119937
283,374486.40,6161716.43,-58.3700885,-34.67884939
284,374582.97,6161815.97,-58.36901985,-34.67796384
285,372505.43,6160425.56,-58.39190167,-34.69024195
286,372647.25,6160587.54,-58.39032935,-34.68879933
287,372715.63,6160663.35,-58.38957161,-34.68812439
288,372781.02,6160738.94,-58.38884655,-34.68745107
289,372847.73,6160816.35,-58.38810681,-34.68676149
290,372913.25,6160890.71,-58.38738054,-34.68609926
291,372961.56,6160946.69,-58.38684487,-34.68560059
292,374734.42,6158898.17,-58.3677998,-34.70428731
293,375448.40,6160308.83,-58.35979757,-34.69165698
294,375480.27,6160276.16,-58.35945453,-34.69195539
295,375592.03,6160168.94,-58.35825048,-34.69293562
296,375632.54,6160129.99,-58.35781405,-34.6932917
297,375684.73,6160082.53,-58.35725138,-34.69372592
298,374386.51,6160019.04,-58.37143098,-34.69413964
299,374272.16,6159886.69,-58.37269882,-34.69531876
300,374157.64,6159788.32,-58.3739635,-34.6961915
301,373971.27,6159628.24,-58.37602168,-34.69761171
302,373952.53,6159611.54,-58.37622873,-34.69775996
303,373850.33,6159520.51,-58.3773579,-34.69856801
304,373821.34,6159494.68,-58.37767821,-34.6987973
305,373763.51,6159444.06,-58.37831703,-34.69924651
306,373680.31,6159371.22,-58.37923611,-34.69989291
307,375584.20,6160484.65,-58.35828944,-34.69008843
308,375673.53,6160578.30,-58.35730065,-34.68925501
309,375762.43,6160668.71,-58.35631706,-34.68845073
310,374006.14,6158989.39,-58.3757364,-34.70337542
311,374093.76,6159091.96,-58.37476461,-34.70246152
312,374156.87,6159165.83,-58.37406468,-34.70180333
313,374178.16,6159190.82,-58.37382855,-34.70158066
314,374267.54,6159295.70,-58.37283726,-34.70064614
315,374273.05,6159394.02,-58.37276247,-34.69976043
316,374217.83,6159340.18,-58.37337326,-34.70023902
317,373779.75,6161293.81,-58.37786334,-34.6825725
318,373819.38,6161256.44,-58.37743642,-34.68291429
319,373897.43,6161182.66,-58.37659562,-34.68358906
320,374007.72,6161075.41,-58.37540794,-34.68456954
321,374090.35,6160994.76,-58.37451815,-34.6853068
322,374165.94,6160920.34,-58.37370425,-34.68598702
323,374256.29,6160833.17,-58.37273115,-34.686784
324,374329.79,6160760.11,-58.37193983,-34.68745169
325,374558.56,6160531.19,-58.36947697,-34.68954357
326,374638.70,6160454.16,-58.36861372,-34.69024784
327,374716.00,6160376.15,-58.36778159,-34.6909606
328,374779.86,6160315.99,-58.36709349,-34.69151078
329,374856.08,6160242.23,-58.3662725,-34.69218509
330,374905.69,6160195.37,-58.36573795,-34.69261361
331,374952.82,6160148.71,-58.36523044,-34.69304003
332,375022.10,6160083.21,-58.36448394,-34.69363901
333,375096.44,6160011.73,-58.36368309,-34.69429251
334,375172.17,6159939.24,-58.3628672,-34.69495528
335,375237.68,6159877.48,-58.36216127,-34.69552006
336,375406.34,6159714.25,-58.36034437,-34.6970122
337,373328.33,6159731.23,-58.38302425,-34.69660377
338,373411.89,6159817.10,-58.38209929,-34.69583998
339,373491.97,6159899.39,-58.38121287,-34.69510803
340,373506.67,6159914.49,-58.38105015,-34.69497372
341,373587.28,6159992.38,-58.38015862,-34.69428149
342,373774.92,6160173.66,-58.37808342,-34.69267038
343,373882.40,6160277.49,-58.37689479,-34.69174758
344,374002.93,6160411.57,-58.37555923,-34.69055367
345,374460.53,6161373.59,-58.37042175,-34.68193703
346,374619.99,6159540.65,-58.36895355,-34.69848113
347,374543.29,6159462.72,-58.36980236,-34.69917428
348,374491.99,6159414.18,-58.37036956,-34.69960559
349,374374.06,6159299.85,-58.37167387,-34.70062182
350,374321.86,6159247.28,-58.37225151,-34.70108934
351,372371.83,6160517.92,-58.39334589,-34.68939263
352,372377.67,6160524.56,-58.39328115,-34.6893335
353,372383.94,6160531.67,-58.39321164,-34.68927019
354,373670.71,6161037.42,-58.37909169,-34.68487047
355,373746.51,6160966.02,-58.37827509,-34.68552352
356,373827.66,6160887.72,-58.37740111,-34.68623943
357,373909.12,6160808.60,-58.37652387,-34.68696276
358,374320.19,6161075.93,-58.37199762,-34.6846033
359,372966.69,6160607.71,-58.38683985,-34.68865722
360,373019.95,6160668.10,-58.38624948,-34.6881194
361,373142.32,6160806.83,-58.38489307,-34.6868839
362,373206.22,6160879.29,-58.38418478,-34.68623858
363,374518.55,6160969.33,-58.36984858,-34.68558868
364,374561.85,6160926.20,-58.36938241,-34.68598283
365,375785.99,6160642.28,-58.3560638,-34.68869187
366,375699.61,6160552.06,-58.35701987,-34.68949474
367,375610.06,6160459.30,-58.35801092,-34.69032012
368,375526.76,6160372.49,-58.35893291,-34.69109261
369,375518.56,6160363.35,-58.35902375,-34.69117401
370,372408.90,6160483.80,-58.39294645,-34.68970486
371,372415.48,6160491.27,-58.3928735,-34.68963834
372,372421.14,6160497.70,-58.39281075,-34.68958107
373,374645.39,6159373.23,-58.36870115,-34.69999359
374,374439.23,6159556.59,-58.3709243,-34.69831524
375,374365.71,6159614.53,-58.37171819,-34.69778386
376,374302.30,6159666.75,-58.37240258,-34.69730529
377,374226.52,6159733.10,-58.37321987,-34.6966978
378,374070.09,6159876.69,-58.37490596,-34.69538404
379,373929.83,6160019.73,-58.37641558,-34.69407721
380,373817.54,6160133.19,-58.37762428,-34.69304049
381,373725.61,6160220.58,-58.37861462,-34.69224129
382,373655.04,6160292.81,-58.37937407,-34.6915814
383,373583.27,6160373.78,-58.3801453,-34.69084256
384,373513.06,6160451.07,-58.38090005,-34.69013709
385,373441.84,6160528.40,-58.38166579,-34.68943113
386,373388.10,6160589.22,-58.38224322,-34.68887617
387,375946.33,6160479.92,-58.35433762,-34.69017507
388,375944.14,6160464.75,-58.35436375,-34.69031157
389,375778.75,6160295.22,-58.35619386,-34.69181986
390,375697.36,6160212.26,-58.35709443,-34.69255789
391,375688.74,6160201.82,-58.35719005,-34.69265096
392,375567.39,6160046.03,-58.35853754,-34.6940407
393,375499.60,6159960.07,-58.35929015,-34.69480741
394,375812.87,6160612.32,-58.35577482,-34.68896523
395,375725.37,6160525.65,-58.35674259,-34.68973597
396,375634.07,6160435.46,-58.35775237,-34.69053796
397,375549.11,6160351.14,-58.35869211,-34.6912878
398,375539.63,6160342.04,-58.35879692,-34.69136869
399,375457.54,6160250.57,-58.3597064,-34.69218333
400,375336.99,6160120.25,-58.36104143,-34.69334352
401,375265.28,6160041.58,-58.36183576,-34.69404401
402,375094.33,6159857.08,-58.36372899,-34.69568647
403,375022.95,6159775.59,-58.36452019,-34.69641241
404,374962.46,6159716.00,-58.36518929,-34.69694224
405,374890.56,6159644.64,-58.36598469,-34.69757677
406,374822.08,6159574.76,-58.36674254,-34.69819838
407,374033.46,6160785.46,-58.37517025,-34.6871867
408,374094.09,6160723.77,-58.37451772,-34.68775032
409,373263.31,6160342.47,-58.38364224,-34.69108523
410,373324.00,6160446.64,-58.38296421,-34.69015363
411,373347.72,6160494.72,-58.38269811,-34.68972311
412,375047.21,6160249.28,-58.3641853,-34.6921449
413,374874.92,6160069.12,-58.36609251,-34.69374803
414,374796.61,6159973.11,-58.3669615,-34.69460401
415,374690.24,6159846.18,-58.36814138,-34.69573529
416,374627.12,6159775.04,-58.36884092,-34.6963689
417,375406.37,6160348.66,-58.36025045,-34.69129278
418,375467.07,6160412.98,-58.35957844,-34.69072031
419,375473.24,6160422.63,-58.35950967,-34.69063406
420,375550.65,6160516.35,-58.35865096,-34.68979856
421,375633.12,6160616.74,-58.35773605,-34.68890354
422,375716.79,6160717.70,-58.35680798,-34.68800352
423,373167.55,6160951.81,-58.38459594,-34.68558
424,373223.66,6161014.53,-58.38397415,-34.68502151
425,373314.91,6161118.73,-58.38296264,-34.68409343
426,373498.20,6161611.35,-58.38088852,-34.679675
427,373512.58,6161665.60,-58.38072347,-34.6791877
428,373521.25,6161694.34,-58.38062455,-34.67892967
429,373760.94,6160659.03,-58.37816347,-34.6882929
430,373929.55,6160486.86,-58.37634891,-34.68986586
431,374308.08,6160099.90,-58.37227502,-34.69340102
432,374447.84,6159957.16,-58.37077076,-34.69470504
433,374520.46,6159883.00,-58.36998911,-34.69538253
434,374567.03,6159835.49,-58.36948785,-34.69581656
435,374697.12,6159701.93,-58.36808769,-34.69703659
436,374749.02,6159650.43,-58.36752882,-34.69750724
437,374839.47,6159557.25,-58.36655532,-34.69835837
438,375076.06,6159314.42,-58.3640087,-34.7005765
439,374382.27,6162006.76,-58.37118173,-34.67621919
440,374365.19,6162016.96,-58.3713666,-34.67612513
441,374334.70,6162045.74,-58.37169505,-34.67586193
442,374320.07,6162059.55,-58.37185265,-34.67573563
443,374305.20,6162073.59,-58.37201284,-34.67560723
444,374256.75,6162119.32,-58.37253475,-34.675189
445,373290.59,6161387.23,-58.3831878,-34.68166981
446,373316.71,6161458.86,-58.382892,-34.68102729
447,373363.71,6161587.49,-58.3823598,-34.67987347
448,373387.49,6161649.87,-58.38209094,-34.67931404
449,373409.95,6161710.76,-58.38183671,-34.67876788
450,373428.23,6161762.20,-58.38162952,-34.67830639
451,372891.18,6161043.40,-58.38759844,-34.68471998
452,372826.54,6160967.88,-58.38831527,-34.68539278
453,372759.08,6160892.82,-58.38906283,-34.68606107
454,372694.10,6160814.72,-58.38978378,-34.68675708
455,372624.91,6160739.65,-58.39055024,-34.68742524
456,372560.32,6160663.13,-58.39126673,-34.68810704
457,372191.65,6160707.37,-58.39528378,-34.6876622
458,372181.12,6160697.60,-58.39540018,-34.68774896
459,372174.59,6160691.53,-58.39547237,-34.68780287
460,373312.78,6161366.28,-58.38294877,-34.68186143
461,373374.11,6161431.43,-58.38226969,-34.68128168
462,373100.05,6160602.09,-58.38538516,-34.68872444
463,373209.78,6160506.70,-58.38420185,-34.68959802
464,375392.96,6160485.60,-58.36037661,-34.69005658
465,375411.57,6160466.93,-58.36017625,-34.69022717
466,375740.45,6160153.46,-58.35663275,-34.69309323
467,374589.38,6159566.50,-58.36928384,-34.69824433
468,375749.68,6160162.73,-58.35653065,-34.69301078
469,375586.50,6160315.82,-58.35828921,-34.69161078
470,375429.86,6160461.72,-58.35997739,-34.69027637
471,375422.22,6160515.62,-58.36005282,-34.68978951
472,375577.87,6160672.28,-58.3583309,-34.68839611
473,375755.00,6160493.79,-58.35642388,-34.6900268
474,373014.42,6160506.43,-58.38633413,-34.68957621
475,374582.22,6159953.26,-58.36930455,-34.69475669
476,374688.74,6160066.61,-58.36812505,-34.69374786
477,374776.25,6160162.20,-58.3671557,-34.69289681
478,374953.42,6160341.42,-58.36519536,-34.69130276
479,375027.09,6160416.58,-58.36438015,-34.69063418
480,375101.72,6160493.87,-58.36355416,-34.6899465
481,375176.84,6160569.01,-58.36272315,-34.68927826
482,375240.81,6160632.68,-58.36201555,-34.68871206
483,373554.89,6162219.93,-58.38017881,-34.67419548
484,373495.53,6162274.90,-58.38081834,-34.67369257
485,373611.92,6160253.54,-58.37985059,-34.6919301
486,373685.86,6160182.64,-58.37905416,-34.69257842
487,374656.24,6161744.16,-58.3682309,-34.67862022
488,374556.52,6161646.07,-58.36933371,-34.67949231
489,374384.08,6161468.48,-58.37124198,-34.68107218
490,372338.33,6160573.34,-58.39370314,-34.68888883
491,372289.59,6160617.89,-58.39422837,-34.68848112
492,372249.85,6160654.19,-58.39465662,-34.6881489
493,374270.32,6161919.49,-58.37241639,-34.6769922
494,374351.74,6161845.26,-58.3715389,-34.67767141
495,374431.43,6161768.99,-58.37068058,-34.6783688
496,374641.32,6161566.01,-58.36842015,-34.68022447
497,374718.86,6161492.32,-58.36758486,-34.68089831
498,374860.20,6161357.76,-58.36606229,-34.68212871
499,374906.31,6161313.71,-58.36556559,-34.68253148
500,375042.87,6161182.37,-58.36409465,-34.68373225
501,374289.98,6161197.27,-58.37230928,-34.68350567
502,374379.91,6161289.49,-58.3713141,-34.68268532
503,373412.50,6161982.26,-58.38176822,-34.67632054
504,373471.24,6161921.44,-58.38113631,-34.67687612
505,373321.74,6160278.25,-58.38301413,-34.69167143
506,373436.57,6160380.86,-58.38174542,-34.69076059
507,374156.35,6161846.64,-58.37367097,-34.67763496
508,373506.25,6162048.45,-58.38073525,-34.67573541
509,373563.43,6162240.58,-58.38008253,-34.67401037
510,373093.94,6161345.73,-58.38534015,-34.68201957
511,373049.72,6161218.74,-58.38584182,-34.68315893
512,372235.44,6160637.96,-58.39481634,-34.68829342
513,372241.33,6160644.59,-58.39475106,-34.68823438
514,372384.66,6160814.32,-58.39316108,-34.68672212
515,372452.29,6160891.16,-58.39241137,-34.68603783
516,372517.36,6160967.05,-58.39168974,-34.68536177
517,372585.13,6161042.90,-58.39093867,-34.68468641
518,372651.84,6161119.67,-58.39019905,-34.68400262
519,372719.27,6161195.44,-58.38945172,-34.68332792
520,374705.26,6161695.21,-58.3677032,-34.67906752
521,374734.73,6161661.96,-58.36738652,-34.67937089
522,374640.32,6160291.81,-58.36862013,-34.69171168
523,374702.61,6160233.12,-58.36794895,-34.69224842
524,374827.78,6160113.47,-58.36660047,-34.69334243
525,374945.38,6160000.89,-58.36533354,-34.69437177
526,375019.26,6159928.42,-58.36453785,-34.69503414
527,374184.43,6159307.63,-58.3737427,-34.70052836
528,374133.20,6159257.68,-58.37430937,-34.70097237
529,374122.62,6159247.07,-58.37442644,-34.70106672
530,374030.18,6159154.39,-58.37544935,-34.70189087
531,373936.04,6159059.99,-58.37649109,-34.7027303
532,373501.56,6160080.07,-58.38108113,-34.69348034
533,373473.35,6160050.24,-58.38139351,-34.69374577
534,373405.59,6159983.80,-58.38214307,-34.69433636
535,373324.38,6159904.17,-58.38304142,-34.69504419
536,373249.90,6159831.12,-58.38386535,-34.69569352
537,373233.46,6159813.81,-58.38404739,-34.69584754
538,374641.33,6159527.98,-58.36872249,-34.69859797
539,374375.53,6160807.81,-58.37143352,-34.68702728
540,374303.09,6160879.20,-58.37221352,-34.68637478
541,374894.44,6159311.69,-58.36599167,-34.7005789
542,374850.85,6159257.59,-58.36647551,-34.70106129
543,374831.79,6159234.27,-58.36668703,-34.70126919
544,374775.83,6159165.78,-58.36730805,-34.7018798
545,374760.18,6159150.77,-58.36748112,-34.7020132
546,374606.83,6159006.43,-58.36917655,-34.70329567
547,374536.50,6158939.64,-58.36995422,-34.70388917
548,374490.20,6158895.67,-58.37046618,-34.70427989
549,374412.53,6158821.92,-58.37132504,-34.70493523
550,374397.61,6158804.78,-58.37149046,-34.70508791
551,374311.54,6158705.96,-58.37244476,-34.70596822
552,372716.80,6160209.90,-58.38962717,-34.6922125
553,372731.15,6160201.19,-58.38947185,-34.69229281
554,373368.47,6161823.76,-58.38227245,-34.67774402
555,375338.79,6159623.56,-58.3610951,-34.69782157
556,373256.52,6160710.10,-58.38366119,-34.68777011
557,373222.30,6160738.67,-58.38403039,-34.6875083
558,374724.18,6160708.01,-58.36764309,-34.68796978
559,374802.99,6160631.65,-58.36679425,-34.68866784
560,374882.53,6160556.13,-58.3659373,-34.68935841
561,374945.72,6160495.39,-58.36525661,-34.68991373
562,375074.54,6160370.84,-58.36386901,-34.69105234
563,375121.79,6160326.25,-58.36335989,-34.6914601
564,375187.00,6160263.10,-58.36265746,-34.69203738
565,375262.96,6160191.87,-58.36183889,-34.69268881
566,375404.82,6160053.07,-58.36031097,-34.69395744
567,373554.77,6162462.37,-58.38014386,-34.6720098
568,373638.76,6162409.49,-58.37923525,-34.6724969
569,372751.33,6160216.73,-58.38924925,-34.69215523
570,372828.64,6160298.86,-58.38839307,-34.69142442
571,373043.42,6160538.83,-58.38601275,-34.68928772
572,373280.39,6160803.59,-58.38338665,-34.68693023
573,373413.33,6161268.07,-58.38186614,-34.68275927
574,373346.44,6161334.30,-58.38258622,-34.68215391
575,373231.75,6161445.02,-58.38382127,-34.68114153
576,373150.01,6161512.12,-58.38470326,-34.68052647
577,373764.10,6161485.81,-58.37800546,-34.68083963
578,373878.86,6161604.26,-58.37673537,-34.67978592
579,373968.85,6161697.61,-58.37573937,-34.67895543
580,374503.81,6159093.85,-58.37028815,-34.70249491
581,374426.42,6159158.20,-58.37112338,-34.70190527
582,374403.32,6159177.42,-58.37137268,-34.70172916
583,374357.47,6159215.54,-58.37186751,-34.70137986
584,375485.06,6160579.05,-58.3593576,-34.68922532
585,375667.70,6160401.22,-58.35739035,-34.69085074
586,375829.91,6160245.69,-58.35564274,-34.69227261
587,374525.29,6161870.60,-58.3696412,-34.67746426
588,374169.82,6161497.82,-58.37357591,-34.68078134
589,374080.67,6161404.43,-58.37456275,-34.68161231
590,374030.85,6161351.48,-58.37511435,-34.68208354
591,373822.17,6161073.79,-58.37743324,-34.68456128
592,373720.18,6160924.69,-58.37856863,-34.68589287
593,373668.74,6160867.05,-58.37913866,-34.68640616
594,373619.35,6160810.81,-58.37968612,-34.68690708
595,373551.35,6160734.72,-58.38043967,-34.68758464
596,373492.41,6160666.65,-58.38109314,-34.68819103
597,374158.99,6159403.94,-58.37400605,-34.69965697
598,374090.42,6159473.46,-58.37474418,-34.69902178
599,374022.60,6159542.97,-58.37547411,-34.69838677
600,373856.72,6159713.54,-58.37725931,-34.69682858
601,373739.57,6159837.96,-58.37851945,-34.69569244
602,373625.67,6159952.92,-58.3797455,-34.69464197
603,373538.72,6160042.53,-58.38068115,-34.69382337
604,373465.15,6160120.64,-58.38147246,-34.69311008
605,373389.79,6160200.63,-58.38228302,-34.69237962
606,373982.90,6160734.21,-58.37572972,-34.68764251
607,374073.63,6160641.48,-58.37475329,-34.68848967
608,374148.77,6160569.56,-58.3739439,-34.6891473
609,374379.04,6160341.22,-58.37146459,-34.69123417
610,374459.83,6160262.80,-58.37059445,-34.69195107
611,374536.66,6160184.11,-58.36976755,-34.69266991
612,373585.96,6160554.99,-58.38008882,-34.68920924
613,373625.96,6160519.10,-58.37965762,-34.68953774
614,374156.37,6161226.06,-58.37376317,-34.68322969
615,374995.29,6159213.19,-58.36490538,-34.70147924
616,372867.61,6160664.78,-58.38791265,-34.68813041
617,372605.36,6160892.59,-58.39074055,-34.68604401
618,374466.23,6161390.49,-58.37035703,-34.68178537
619,373362.09,6160764.87,-58.38250077,-34.68728942
620,373247.04,6161485.61,-58.38364832,-34.6807775
621,373294.11,6161613.47,-58.38311546,-34.67963063
622,373316.70,6161676.18,-58.38285953,-34.67906808
623,373339.43,6161738.60,-58.38260213,-34.67850816
624,373375.94,6161855.68,-58.38218615,-34.67745717
625,373448.31,6162107.99,-58.38135861,-34.67519148
626,373589.60,6162571.18,-58.37974752,-34.67103314
627,373549.08,6160886.15,-58.38044178,-34.68621918
628,373597.21,6160941.80,-58.37990816,-34.68572343
629,373634.82,6160986.59,-58.37949099,-34.68532428
630,373744.12,6161147.43,-58.37827406,-34.68388776
631,374003.55,6161480.35,-58.37539308,-34.68091837
632,374093.86,6161575.32,-58.37439334,-34.68007331
633,373078.81,6161010.49,-58.38555563,-34.68503997
634,373146.57,6161085.78,-58.3848048,-34.68436962
635,373244.15,6161192.37,-58.38372385,-34.68342078
636,373280.78,6161234.12,-58.38331782,-34.68304893
637,374591.46,6159321.93,-58.36929746,-34.70044946
638,374607.63,6159334.12,-58.36911914,-34.70034154
639,374665.42,6159393.98,-58.36847942,-34.69980897
640,374733.95,6159464.96,-58.36772083,-34.69917747
641,372972.98,6160170.75,-58.38683691,-34.6925973
642,372944.29,6160196.09,-58.38714625,-34.69236529
643,376002.99,6160420.18,-58.35372796,-34.69072052
644,375619.97,6159996.83,-58.35797086,-34.69449066
645,375556.33,6159910.80,-58.35867819,-34.6952585
646,375514.20,6159854.37,-58.35914637,-34.69576211
647,375478.02,6159806.43,-58.35954835,-34.6961899
648,375282.93,6159550.95,-58.36171558,-34.69846936
649,375205.64,6159460.74,-58.36257258,-34.6992732
650,375143.73,6159390.05,-58.36325884,-34.69990293
651,374515.19,6158707.63,-58.37022134,-34.70597819
652,374179.17,6159009.15,-58.3738446,-34.70321859
653,373972.91,6159217.34,-58.37606511,-34.70131629
654,373902.35,6159295.01,-58.37682375,-34.70060738
655,373841.39,6159362.51,-58.3774791,-34.69999132
656,373678.98,6159539.13,-58.37922551,-34.69837899
657,373564.44,6159662.40,-58.38045733,-34.69725352
658,373277.03,6159954.71,-58.38355067,-34.69458269
659,373201.99,6160032.68,-58.38435804,-34.69387046
660,373154.37,6160087.35,-58.3848696,-34.69337169
661,373704.69,6161184.40,-58.37869887,-34.6835496
662,373964.70,6161519.89,-58.37581116,-34.68055712
663,374054.86,6161612.01,-58.37481349,-34.67973773
664,374059.54,6160472.52,-58.37493227,-34.69001116
665,374239.01,6160665.22,-58.37294474,-34.688296
666,374421.74,6160855.08,-58.37092215,-34.6866068
667,374682.23,6161166.09,-58.368033,-34.68383489
668,374950.52,6161453.67,-58.36506238,-34.6812751
669,373600.40,6162284.59,-58.37967251,-34.67361817
670,373700.65,6162475.66,-58.37855,-34.671908
671,373711.52,6162494.17,-58.37842862,-34.67174247
672,373723.04,6162504.95,-58.37830131,-34.6716467
673,373735.63,6162512.16,-58.37816285,-34.67158326
674,373753.09,6162515.31,-58.37797185,-34.67155701
675,372539.92,6160814.87,-58.39146649,-34.68673652
676,372833.53,6160560.73,-58.38830027,-34.68906421
677,374763.16,6159777.83,-58.36735557,-34.69636042
678,374828.05,6159854.09,-58.36663597,-34.69568086
679,374873.57,6159907.03,-58.36613126,-34.69520916
680,375116.21,6160185.24,-58.36344164,-34.69273067
681,375330.69,6160419.13,-58.36106608,-34.69064824
682,373173.23,6160145.53,-58.384655,-34.69284953
683,373218.80,6160186.26,-58.3841515,-34.69248799
684,373599.40,6159462.47,-58.38010565,-34.69906027
685,373760.19,6159280.74,-58.37837769,-34.70071848
686,373818.55,6159215.04,-58.37775045,-34.70131799
687,373830.06,6159202.06,-58.37762675,-34.70143643
688,373886.08,6159131.61,-58.37702576,-34.70207846
689,373902.18,6159111.34,-58.37685304,-34.70226319
690,373944.74,6159046.95,-58.37639806,-34.70284893
691,374068.98,6158930.48,-58.37505921,-34.70391426
692,374091.97,6158908.21,-58.37481156,-34.70411786
693,374217.99,6158786.15,-58.37345406,-34.70523378
694,374408.60,6158622.76,-58.37139757,-34.70673023
695,375087.22,6160780.34,-58.36367006,-34.6873621
696,375022.62,6160710.93,-58.36438539,-34.68797996
697,374952.04,6160631.75,-58.36516744,-34.68868517
698,374811.25,6160478.08,-58.36672686,-34.69005333
699,374628.14,6160280.99,-58.36875468,-34.69180773
700,374544.58,6160190.55,-58.36968015,-34.69261283
701,374449.17,6160085.87,-58.3707371,-34.69354484
702,374758.17,6159658.08,-58.3674278,-34.6974394
703,374819.89,6159719.39,-58.36674501,-34.69689423
704,374889.08,6159789.44,-58.36597939,-34.69627117
705,374943.81,6159844.53,-58.36537383,-34.69578121
706,375191.02,6160114.32,-58.36263557,-34.69337917
707,373454.56,6162562.80,-58.38122233,-34.671092
708,373432.04,6162459.41,-58.38148355,-34.67202131
709,373397.56,6162311.09,-58.38188201,-34.67335419
710,373367.17,6162182.92,-58.38223283,-34.67450592
711,373299.77,6161927.65,-58.3830066,-34.67679891
712,373253.11,6161794.27,-58.38353579,-34.67799559
713,373204.27,6161658.46,-58.38408915,-34.67921391
714,374860.62,6160858.50,-58.36613165,-34.68662976
715,374943.02,6160783.65,-58.3652434,-34.68731464
716,375086.79,6160653.43,-58.36369352,-34.68850619
717,374448.24,6161944.90,-58.370471,-34.67678497
718,374589.01,6161810.39,-58.36895476,-34.67801489
719,374606.31,6161794.35,-58.36876835,-34.67816162
720,372900.72,6160767.66,-58.3875358,-34.68720703
721,372671.87,6160967.03,-58.39000345,-34.6853812
722,372489.77,6160412.05,-58.39207463,-34.69036179
723,372559.14,6160348.26,-58.39132711,-34.69094552
724,372637.86,6160279.95,-58.39047822,-34.69157116
725,374288.48,6160243.48,-58.37246758,-34.69210419
726,374470.52,6160437.05,-58.37045187,-34.69038146
727,374652.61,6160632.15,-58.36843548,-34.68864491
728,374789.24,6160781.26,-58.36692215,-34.68731737
729,374924.16,6160936.59,-58.3654266,-34.68593353
730,374809.78,6161589.13,-58.36657827,-34.68003666
731,374995.18,6161410.55,-58.36458137,-34.6816693
732,375071.30,6161338.72,-58.36376125,-34.68232617
733,375268.80,6161149.38,-58.36163377,-34.68405724
734,375323.51,6161095.63,-58.36104461,-34.68454848
735,375411.55,6161014.04,-58.36009578,-34.68529477
736,375500.37,6160928.20,-58.35913905,-34.68607947
737,375587.54,6160846.46,-58.3581997,-34.68682699
738,375673.03,6160766.31,-58.35727844,-34.68755997
739,373125.50,6160971.15,-58.38505197,-34.68540043
740,374465.85,6160813.43,-58.37044691,-34.68698771
741,374644.18,6161027.10,-58.36846889,-34.68508327
742,374726.21,6161123.09,-58.36755939,-34.68422794
743,373917.42,6160981.57,-58.37640747,-34.68540441
744,373999.62,6160904.02,-58.37552191,-34.68611368
745,374074.90,6160827.47,-58.37471171,-34.68681307
746,374164.42,6160738.38,-58.37374795,-34.68762726
747,374550.01,6160358.65,-58.36959592,-34.69109802
748,372970.77,6160974.64,-58.38674015,-34.68534976
749,372935.98,6160872.75,-58.38713516,-34.686264
750,375084.26,6159451.44,-58.36389892,-34.69934222
751,374015.09,6161650.69,-58.37524174,-34.67938412
752,373925.24,6161556.68,-58.37623631,-34.68022059
753,373813.96,6161441.99,-58.37746786,-34.68124083
754,373200.70,6160206.97,-58.38434595,-34.69229904
755,373285.25,6160107.34,-58.38343805,-34.69320771
756,373362.30,6160029.56,-58.38260872,-34.69391846
757,373645.18,6159744.83,-58.37956368,-34.69652037
758,373761.15,6159620.13,-58.37831646,-34.6976589
759,373920.34,6159442.03,-58.37660542,-34.69928417
760,373982.28,6159371.27,-58.37593986,-34.69992973
761,374057.80,6159301.14,-58.37512595,-34.70057128
762,374265.98,6159109.63,-58.372882,-34.70232342
763,374331.90,6159047.28,-58.37217168,-34.70289363
764,374612.87,6158779.97,-58.36914425,-34.70533801
765,373467.22,6161575.67,-58.38123195,-34.67999284
766,374948.95,6159583.56,-58.36535637,-34.69813457
767,375021.33,6159653.62,-58.36455593,-34.69751181
768,375086.78,6159720.71,-58.36383158,-34.69691497
769,373688.34,6160464.65,-58.37898492,-34.69003633
770,373763.81,6160391.87,-58.37817207,-34.69070178
771,373806.67,6160350.53,-58.37771045,-34.69107976
772,373834.08,6160324.08,-58.37741523,-34.6913216
773,373926.32,6160235.12,-58.37642173,-34.69213498
774,374037.88,6160123.82,-58.37522068,-34.69315213
775,374190.57,6159969.22,-58.3735771,-34.69456469
776,374332.14,6159826.03,-58.37205315,-34.695873
777,374405.10,6159752.26,-58.37126774,-34.69654702
778,374453.96,6159702.87,-58.37074176,-34.69699829
779,374514.37,6159639.17,-58.37009182,-34.69757998
780,374595.86,6159559.99,-58.36921407,-34.69830381
781,374613.37,6159544.58,-58.36902523,-34.69844489
782,374675.21,6159507.85,-58.36835566,-34.6987836
783,374731.59,6159467.13,-58.36774627,-34.69915761
784,374750.94,6159449.28,-58.3675377,-34.69932091
785,372804.63,6161119.60,-58.38853155,-34.68402226
786,375332.65,6159978.31,-58.36110975,-34.69462263
787,375474.31,6159846.42,-58.35958295,-34.69582892
788,373178.85,6160410.00,-58.38455395,-34.69046596
789,372739.49,6161043.80,-58.38925389,-34.68469751
790,372471.86,6160738.46,-58.39222083,-34.68741689
791,372330.91,6160565.73,-58.39378528,-34.68895651
792,372324.72,6160559.39,-58.3938538,-34.68901289
793,375520.10,6160090.10,-58.35904722,-34.69363764
794,373703.36,6159562.60,-58.37895588,-34.69817042
795,373835.45,6159694.10,-58.37749439,-34.69700122
796,373847.65,6159706.26,-58.3773594,-34.6968931
797,373876.42,6159729.35,-58.37704192,-34.69668848
798,373649.73,6160148.16,-58.37945367,-34.69288481
799,372777.13,6160341.51,-58.38894886,-34.69103351
800,374257.21,6161014.25,-58.37269415,-34.68515162
801,374348.16,6160926.68,-58.37171456,-34.68595227
802,374733.80,6160553.11,-58.36756106,-34.68936743
803,374874.07,6160417.93,-58.36605011,-34.69060329
804,375000.39,6160293.06,-58.36468985,-34.69174449
805,374368.63,6160165.71,-58.37160432,-34.69281517
806,374870.84,6160706.87,-58.36604257,-34.68799801
807,375008.49,6160855.03,-58.36451829,-34.68667913
808,375244.13,6161121.50,-58.36190713,-34.68430558
809,373047.54,6160238.31,-58.38601295,-34.69199749
810,374763.86,6161540.24,-58.36708666,-34.6804718
811,374821.69,6161484.00,-58.36646387,-34.6809859
812,373716.06,6161532.23,-58.3785228,-34.68041521
813,373100.60,6160991.26,-58.3853207,-34.68521604
814,373834.51,6160149.13,-58.37743667,-34.69289888
815,375443.69,6160092.90,-58.35988083,-34.69360309
816,373105.27,6160977.65,-58.38527178,-34.68533932
817,374509.67,6160025.15,-58.37008577,-34.69409968
818,374610.82,6160132.84,-58.36896572,-34.69314123
819,375016.10,6160573.49,-58.36447689,-34.68921824
820,375148.95,6160720.73,-58.36300513,-34.68790704
821,373126.93,6160983.51,-58.3850345,-34.68528917
822,373185.08,6161050.22,-58.38438985,-34.68469498
823,373279.02,6161156.31,-58.3833487,-34.68375019
824,374245.87,6161941.77,-58.3726799,-34.67678834
825,374863.93,6159055.08,-58.36636275,-34.70288858
826,374930.78,6159135.54,-58.36562108,-34.70217139
827,374969.85,6159182.58,-58.36518762,-34.70175209
828,373178.63,6159865.38,-58.38463813,-34.69537582
829,373201.90,6159889.95,-58.38438045,-34.6951572
830,373305.27,6159979.04,-58.38323878,-34.69436685
831,373495.61,6160147.61,-58.38113595,-34.69287071
832,373599.10,6160555.33,-58.37994536,-34.6892078
833,373563.68,6160592.96,-58.38032631,-34.68886417
834,374535.97,6161302.24,-58.36960903,-34.68258953
835,375157.97,6160712.09,-58.36290796,-34.68798604
836,375330.22,6160546.33,-58.36105243,-34.68950143
837,374128.67,6161989.68,-58.37395174,-34.676342
838,374150.71,6162011.99,-58.3737079,-34.67614358
839,374174.15,6162035.71,-58.37344858,-34.67593262
840,374198.24,6162060.09,-58.37318206,-34.67571579
841,374205.50,6162067.44,-58.37310174,-34.67565042
842,374223.75,6162085.92,-58.37289984,-34.67548606
843,374230.46,6162092.70,-58.3728256,-34.67542576
844,374672.09,6158823.14,-58.36849136,-34.70495609
845,374471.93,6158675.59,-58.37069836,-34.70626173
846,374637.72,6158798.38,-58.36887024,-34.70517509
847,374668.11,6158818.36,-58.36853552,-34.70499869
848,372282.03,6160608.76,-58.39431226,-34.68856248
849,372276.38,6160601.94,-58.39437496,-34.68862326
850,373698.30,6160596.17,-58.37885654,-34.68885187
851,373626.97,6160663.61,-58.37962497,-34.68823507
852,373690.90,6160734.96,-58.37891656,-34.68759972
853,373337.73,6161097.36,-58.38271679,-34.68428891
854,375268.06,6160477.93,-58.36174098,-34.6901105
855,373830.62,6161653.93,-58.3772544,-34.67933218
856,374207.62,6161278.09,-58.3731961,-34.68276692
857,374366.03,6161120.83,-58.37149065,-34.68420414
858,372705.73,6160537.02,-58.3896987,-34.68926206
859,372821.69,6160135.28,-58.38849356,-34.69289827
860,372847.15,6160115.88,-58.38821858,-34.69307633
861,372907.51,6160069.93,-58.38756668,-34.69349809
862,372982.25,6160010.68,-58.3867598,-34.69404153
863,372988.57,6160003.45,-58.38669191,-34.69410749
864,373017.40,6159970.46,-58.38638219,-34.69440849
865,373816.30,6160716.59,-58.37755066,-34.68778081
866,373895.62,6160795.93,-58.3766731,-34.68707532
867,374393.73,6159511.90,-58.37142761,-34.69871254
868,373297.22,6160952.03,-58.3831807,-34.68559408
869,375228.46,6159598.51,-58.36230313,-34.69803394
870,375151.01,6159516.60,-58.36316065,-34.69876293
871,373359.61,6161174.51,-58.38246643,-34.68359609
872,372467.10,6160432.34,-58.392319,-34.69017604
873,373805.24,6160864.09,-58.37764934,-34.68644969
874,373807.38,6161419.82,-58.37754298,-34.68143989
875,374364.44,6159483.12,-58.37175161,-34.69896841
876,375085.90,6159585.16,-58.36386124,-34.69813689
877,375158.35,6159658.27,-58.36305959,-34.69748663
878,373742.10,6160793.09,-58.37834906,-34.68708199
879,373894.31,6160642.80,-58.37671025,-34.68845567
880,373983.56,6160545.61,-58.37575065,-34.68934287
881,374631.58,6159905.00,-58.36877294,-34.69519782
882,373919.03,6161745.45,-58.37627592,-34.678518
883,374298.53,6161370.55,-58.37219019,-34.68194454
884,374455.03,6161214.94,-58.37050534,-34.68336664
885,373711.92,6159810.68,-58.37882534,-34.69593496
886,373323.78,6159718.64,-58.3830758,-34.69671671
887,373479.50,6159574.01,-58.38139773,-34.69803987
888,373115.11,6160979.87,-58.38516405,-34.68532052
889,374740.51,6160022.29,-58.36756655,-34.69415376
890,373952.37,6160041.15,-58.37616635,-34.69388688
891,373767.61,6159865.62,-58.37820925,-34.69544654
892,373615.56,6159715.60,-58.37989137,-34.69678023
893,373405.50,6161395.04,-58.38193257,-34.68161363
894,374369.51,6161440.87,-58.37140509,-34.6813193
895,373396.92,6159660.93,-58.38228611,-34.69724604
896,373098.11,6159938.76,-58.385506,-34.69470429
897,374085.46,6159328.45,-58.37481995,-34.70032848
898,374124.93,6159368.97,-58.37438305,-34.69996804
899,374300.25,6159548.98,-58.37244249,-34.69836677
900,374543.75,6161315.68,-58.36952212,-34.68246932
901,374526.85,6161286.49,-58.3697109,-34.6827304
902,373601.59,6160390.17,-58.3799429,-34.69069707
903,373427.58,6160234.35,-58.38186549,-34.69208031
904,373233.37,6160061.04,-58.38401127,-34.69361868
905,373093.56,6159934.65,-58.38555628,-34.69474078
906,374059.28,6159444.17,-58.37508846,-34.699282
907,373993.89,6159515.17,-58.37579165,-34.69863386
908,373274.13,6160870.45,-58.38344494,-34.68632669
909,374665.89,6161734.34,-58.36812705,-34.67870993
910,373773.11,6162549.28,-58.37774832,-34.67125323
911,373759.53,6162541.40,-58.37789768,-34.6713226
912,373714.55,6162548.85,-58.37838739,-34.67124988
913,373700.78,6162544.29,-58.37853833,-34.67128929
914,372931.97,6160077.24,-58.3872986,-34.69343522
915,372866.23,6160130.34,-58.38800815,-34.69294834
